{"type":"Topology","transform":{"scale":[0.000010933340249506164,0.000008244534633790395],"translate":[-92.16081985485208,46.797296247183404]},"arcs":[[[6080,2923],[-40,-48],[-14,-65],[37,-45],[15,-56],[1,-56],[43,-42],[10,-20],[-1,-19],[-28,-59],[-39,-24],[-40,-34],[-21,-69],[34,-59],[80,-64],[83,-20],[87,-38],[55,-42],[72,25],[47,-13],[79,-39],[142,-131],[110,-89],[39,-113],[134,-113],[20,-238],[66,-119],[45,-108],[-29,-58],[-142,-251],[9,-50],[105,-113],[153,-162],[80,-90],[143,-127],[68,-131],[-25,-128],[-10,-82],[-8,-25],[-6,-1],[-6,-1],[-2,0],[-4,-1],[-5,-3],[-8,-1],[-5,-1],[-4,2],[5,3],[5,3],[-3,1],[-40,21],[-71,33],[-63,-31],[-67,76],[-77,102],[-98,160],[-89,103],[-52,70],[-60,59],[-15,44],[-67,96],[-162,133],[-117,66],[-156,9],[-96,218],[-173,133],[-81,66],[-38,60],[24,101],[24,31],[17,24],[-39,50],[-15,51],[-22,62],[-46,27],[-71,33],[-40,10],[-41,-14],[-23,-29],[-38,-49],[-20,-41],[-33,-47],[-62,34],[-26,15],[-83,40],[-111,13],[-62,-13],[-52,-43],[-17,-43],[2,-41],[6,-25],[-43,-35],[-42,-7],[-50,9],[-30,-2],[-48,-15],[-34,-30],[-34,-23],[-38,-7],[-50,0],[-50,12],[-15,36],[0,17],[-61,44],[-32,66],[-5,36],[-47,48],[-46,47],[-39,74],[-13,54],[56,52],[63,43],[18,42],[7,40],[-25,66],[-60,26],[-77,66],[-60,13],[-87,10],[-81,-32],[-88,-60],[-77,-40],[-108,-59],[-41,-36],[-20,-54],[9,-40],[-34,-56],[-57,-34],[-70,-19],[-142,-46],[-37,-27],[-18,-54],[-35,-49],[-44,-30],[-56,-14],[-71,-71],[-74,-55],[-31,-47],[-17,-84],[-3,-60],[-15,-100],[-39,-63],[-191,9],[-86,-6],[-47,-39],[-76,-9],[-112,-22],[-142,-23],[-71,50],[-89,58],[-105,73],[-56,15],[-60,12],[-95,-1],[-43,-47],[-15,-63],[-140,-35],[-104,-43],[-17,-61],[-25,-58],[-108,-88],[-88,60],[-113,43],[-74,10],[-143,20],[27,87],[17,109],[-20,67],[-4,68],[50,54],[39,26],[24,73],[-59,10],[-56,22],[3,104],[71,50],[30,32],[11,51],[-2,35],[-30,27],[-13,35],[65,105],[37,68],[3,77],[29,79],[44,53],[-72,15],[-139,36],[-69,70],[-55,95],[-39,42],[-46,35],[-61,53],[-27,51],[-46,59],[-91,81],[-29,69],[-35,53],[-36,17],[-40,-1],[-22,-38],[-19,-46],[-36,-36],[-49,-57],[-43,55],[-23,42],[-38,31],[-1,55],[-60,20],[-53,46],[-12,48],[-35,47],[-117,109],[-87,90],[-52,48],[29,47],[95,-26],[27,56],[52,43],[65,90],[7,113],[-76,103],[-57,109],[-29,71],[-23,106],[31,69],[7,82],[-9,62],[-22,47],[-11,35],[98,44],[113,41],[110,59],[48,-41],[68,14],[40,62],[38,108],[9,115],[-17,95],[-19,40],[0,27],[52,27],[60,23],[-2,131],[34,-6],[29,-26],[46,2],[63,15],[-21,79],[-31,82],[-4,69],[-11,49],[-23,88],[-33,76],[-51,70],[0,167],[90,59],[121,72],[63,34],[17,121],[23,91],[33,78],[67,63],[46,29],[41,56],[2,60],[-9,56],[92,17],[104,26],[104,25],[75,23],[20,36],[-7,56],[4,42],[21,27],[38,39],[31,58],[10,55],[27,58],[52,26],[73,25],[18,-27],[23,-31],[56,-8],[42,50],[32,3],[57,11],[-17,50],[-11,67],[61,5],[72,28],[59,-4],[69,-82],[12,-13],[78,-31],[106,-84],[47,-89],[146,-47],[90,-53],[95,-33],[25,-53],[79,-42],[116,-44],[141,-25],[105,-25],[-29,-90],[-15,-97],[-8,-151],[-10,-132],[41,-74],[70,-85],[54,-5],[37,-2],[62,-2],[61,-3],[15,-50],[42,-28],[59,-9],[117,13],[99,-12],[29,-29],[19,-54],[17,-96],[60,-84],[118,-129],[115,-100],[104,-95],[104,-20],[-68,-77],[-45,-55],[-22,-63],[-11,-105],[19,-61],[-15,-49],[6,-46],[-9,-71],[-80,-11],[-71,-20],[-36,-28],[-35,-54],[48,-31],[70,-53],[57,-38],[45,-35],[50,1],[44,0],[57,-15],[23,-71],[37,-43],[41,-24],[42,5],[43,-8],[24,-33],[-36,-21],[-17,-36],[4,-40],[-36,-53],[-38,24],[-53,-3],[-69,18],[-44,35],[-89,-5],[-28,-24],[25,-57],[63,-31],[69,-28],[19,-47],[17,-77],[65,-89],[40,-69],[43,-57],[91,-40],[71,-14],[65,10],[31,34],[63,43],[62,16],[56,13],[52,-61],[71,-70],[50,25],[67,12],[112,27],[67,13],[73,-60],[40,-86],[59,-54],[126,-27],[75,-48],[17,-31],[57,-45],[27,-74],[-5,-92],[5,-53],[51,-63],[66,-46]]],"objects":{"chesterCreek_watershed":{"type":"GeometryCollection","geometries":[{"arcs":[[0]],"type":"Polygon","properties":{"minor5":2040,"minor_name":"Chester Cr","major":2,"major_name":"Lake Superior - South","acres":4305,"sq_miles":7,"prod_year":2009,"source":"DNR Catchment Dataset","Shape_Leng":26892.588181,"Shape_Area":17422803.888}}]}},"crs":{"type":"name","properties":{"name":"urn:ogc:def:crs:OGC:1.3:CRS84"}}}